,CR GNN,CR MLP,CR LSTM,Date
0,100.0,100.0,100.0,2018-04-07
1,100.08046447583392,100.1967772624858,100.12632705206504,2018-04-08
2,100.34806886843045,100.8612379881281,100.44184346098359,2018-04-09
3,100.319935012808,100.79072324186731,100.46007528972898,2018-04-10
4,100.29103589846564,100.7184409814637,100.47750281190011,2018-04-11
5,100.26554216626853,100.6548063224814,100.49835571601109,2018-04-12
6,100.36502136527396,100.90379587621945,100.64645066261761,2018-04-13
7,100.06675491987662,100.16314361909684,100.38899286158325,2018-04-14
8,99.15980152926629,98.05979811684132,99.50301564286457,2018-04-15
9,99.65723939586108,99.18066260998346,100.06067768258428,2018-04-16
10,100.84887314134072,102.13637761058784,101.33235841612648,2018-04-17
11,100.65387263122285,101.63594746265072,101.1807797088063,2018-04-18
12,99.8913920896585,99.73690912176463,100.44104339528224,2018-04-19
13,99.48293089160425,98.7776084810327,100.06197580307179,2018-04-20
14,99.727009940204,99.3447322992963,100.36291444291817,2018-04-21
15,100.63452560101591,101.5865371213385,101.35499658433798,2018-04-22
16,100.51267642994934,101.27650059935347,101.27708987963825,2018-04-23
17,100.35007341736852,100.86626760432766,101.15601978200823,2018-04-24
18,100.27481693264335,100.67794266093941,101.1255613625895,2018-04-25
19,100.82335185986902,102.07065392161694,101.74782951539379,2018-04-26
20,100.79684724700346,102.0024654784443,101.76967408575027,2018-04-27
21,101.30738864208433,103.32514853771353,102.35188635018721,2018-04-28
22,101.34595362687182,103.42557504998031,102.44256264101487,2018-04-29
23,101.840603549065,104.71361875592315,103.0070563577691,2018-04-30
24,101.73435162700098,104.4373489686314,102.94822399183563,2018-05-01
25,102.18780563306673,105.61200525333088,103.46927761526727,2018-05-02
26,102.20872480804242,105.66584387069118,103.54274517852511,2018-05-03
27,102.54550473901831,106.5263768386426,103.94208133247666,2018-05-04
28,102.35002176005841,106.02839616660373,103.79270413218424,2018-05-05
29,102.39123916545492,106.1337656503001,103.8874047292214,2018-05-06
30,102.28240846689505,105.85515555094742,103.8269999264718,2018-05-07
31,102.53628708590267,106.50300027862203,104.14164536021093,2018-05-08
32,101.5617271907378,103.98779949260302,103.17929331665768,2018-05-09
33,101.53411849095109,103.91585725888694,103.20182724320435,2018-05-10
34,101.12664666612572,102.85512459961153,102.82262386553982,2018-05-11
35,101.67077479224159,104.27185731791721,103.44890851359293,2018-05-12
36,102.42815531184799,106.22797754878093,104.29165613677472,2018-05-13
37,102.80877339581829,107.18904793939245,104.73737393730408,2018-05-14
38,103.21815171801848,108.19692498695585,105.20987936006476,2018-05-15
39,102.07920867201996,105.33191741621806,104.08544832786278,2018-05-16
40,102.54419339505925,106.52305185725596,104.62184976937856,2018-05-17
41,102.55052028707416,106.53909196139433,104.68096519983945,2018-05-18
42,101.54202556488406,103.93646192480557,103.67632012892958,2018-05-19
43,101.66443233485963,104.25534195960601,103.85807200066948,2018-05-20
44,101.22031540281242,103.09855557019374,103.43731690282819,2018-05-21
45,101.86110970094502,104.76688293827274,104.17034448228601,2018-05-22
46,101.95212739654636,105.00303874142642,104.31863088275703,2018-05-23
47,102.14795014021905,105.50932499439256,104.57681036675719,2018-05-24
48,102.19748255489034,105.63691513232556,104.68125385955504,2018-05-25
49,102.79491126717946,107.15441285057688,105.35485932539726,2018-05-26
50,102.79468512296297,107.15384756871786,105.40730430486664,2018-05-27
51,103.27564064184517,108.33591732000475,105.9530825398904,2018-05-28
52,104.39747040275998,110.88818247339852,107.13209781323675,2018-05-29
53,105.02770649561226,112.15778043154077,107.80219075722661,2018-05-30
54,105.05501310567556,112.20965286669356,107.87992433220965,2018-05-31
55,105.92523721886309,113.71010754685653,108.76504318384077,2018-06-01
56,106.36743145323425,114.34901658097712,109.23024382552875,2018-06-02
57,106.1415367298804,114.03370455383867,109.06804311849912,2018-06-03
58,105.5463604340863,113.09450256084612,108.55530782447032,2018-06-04
59,106.22919429411282,114.15885226919302,109.24824206066006,2018-06-05
60,106.38065330599167,114.36673774888422,109.43765318863392,2018-06-06
61,105.8998500686269,113.67077198209041,109.03874943412669,2018-06-07
62,105.57943493968978,113.15063470226876,108.7867038690066,2018-06-08
63,105.58860276225508,113.16611448558585,108.84511928566063,2018-06-09
64,105.2017426649173,112.48364022675939,108.52822922517507,2018-06-10
65,105.55575050744255,113.11048430501667,108.91346185714386,2018-06-11
66,106.39515368052703,114.38607788914514,109.74041489149926,2018-06-12
67,106.89703294451,114.9928054069703,110.24135031337512,2018-06-13
68,106.57649408977343,114.61949411916623,110.00025577632952,2018-06-14
69,106.77083825074864,114.85193258978792,110.22188468969321,2018-06-15
70,106.26903665824426,114.21457041230616,109.81680634413821,2018-06-16
71,105.99452499180262,113.81602757979098,109.61436219273178,2018-06-17
72,104.25852398841424,110.59081640760573,108.02518179413589,2018-06-18
73,104.16491948106822,110.38720486655316,107.98502474363725,2018-06-19
74,104.16205294925678,110.38092874271852,108.0332143792903,2018-06-20
75,104.74189199892665,111.5987758782327,108.6418819829547,2018-06-21
76,104.4006337891553,110.894883209,108.36559651224151,2018-06-22
77,104.2282172295407,110.52517675848614,108.24983210404679,2018-06-23
78,103.31766759604749,108.43709416523461,107.40546221147136,2018-06-24
79,104.00634964364102,110.03647955488935,108.13610406151228,2018-06-25
80,104.52122629635826,111.14796351125375,108.68197729345914,2018-06-26
81,103.9184546154467,109.83904288001791,108.15217750010015,2018-06-27
82,104.08199128308529,110.20467702071197,108.36138134746697,2018-06-28
83,104.44040656684794,110.97886242755943,108.75489585620501,2018-06-29
84,104.73765205631298,111.59026795099555,109.08490565534026,2018-06-30
85,104.49621980212449,111.09586539140508,108.90723494603655,2018-07-01
86,104.70839233650007,111.53138775802256,109.15593712262479,2018-07-02
87,105.2211145166579,112.51920693474844,109.67782198714193,2018-07-03
88,105.77248716210758,113.46922704762635,110.22118793725029,2018-07-04
89,105.67658821873458,113.31291194749964,110.18280785090462,2018-07-05
90,105.39817773137403,112.83758128527381,109.98114240179927,2018-07-06
91,105.41459901954451,112.8664858289481,110.04312423941538,2018-07-07
92,105.81694095430404,113.54036437821,110.44609253560307,2018-07-08
93,105.88364103242998,113.64551055402536,110.55031714482962,2018-07-09
94,105.78508636979545,113.48947458570258,110.51031973797136,2018-07-10
95,106.85271542381736,114.94424731377507,111.4597961325926,2018-07-11
96,105.56409789883983,113.12466119111235,110.40917726282771,2018-07-12
97,106.38824966012903,114.37688188383596,111.16112056981802,2018-07-13
98,105.44945230610156,112.92747872027269,110.40106467865644,2018-07-14
99,105.34122817710329,112.73651435173593,110.35227154610874,2018-07-15
100,105.43243499372616,112.89775910183005,110.47845034684123,2018-07-16
101,104.88306017092867,111.87849329166859,110.0388906521622,2018-07-17
102,105.34574319015687,112.74457356108255,110.49478773028478,2018-07-18
103,105.70134446121699,113.35363522004236,110.84717950020529,2018-07-19
104,105.4592498385081,112.94453694342839,110.68469691252176,2018-07-20
105,105.26324633585303,112.59606543157936,110.5606319187447,2018-07-21
106,105.04926787016863,112.19876180711807,110.41980467894909,2018-07-22
107,104.87456273947022,111.86185334114529,110.31238549864655,2018-07-23
108,105.35179390202552,112.75536143692158,110.77356350358805,2018-07-24
109,104.97963997140015,112.0658097190263,110.49714215042479,2018-07-25
110,105.60583189518344,113.19511221911162,111.07852606321646,2018-07-26
111,105.7390910538967,113.41523174028868,111.23374334867025,2018-07-27
112,105.46457790571098,112.95379735362346,111.04839435525089,2018-07-28
113,106.53359844865923,114.56570407662672,111.95964531965663,2018-07-29
114,105.90277767743386,113.6753224231198,111.49802885791944,2018-07-30
115,105.57200576622255,113.13806531749265,111.269925631774,2018-07-31
116,106.3881843372867,114.37679476790763,111.96895383455099,2018-08-01
117,105.71230230892252,113.37157849393978,111.47159528733006,2018-08-02
118,105.21108138434782,112.50080396084866,111.10103891606364,2018-08-03
119,105.06109638491222,112.2211714926833,111.01923772440195,2018-08-04
120,104.81649262684918,111.74745809409872,110.8563417230532,2018-08-05
121,105.4152513424825,112.86763182948474,111.4011565980646,2018-08-06
122,105.5324755287879,113.07080483781544,111.53948705248331,2018-08-07
123,105.8949550353062,113.66315520800336,111.87076962778502,2018-08-08
124,106.55551486551784,114.59329784775967,112.41735900205802,2018-08-09
125,106.74801307132802,114.82559984509551,112.59833664673297,2018-08-10
126,107.20465167714856,115.30203253173276,112.9631338115904,2018-08-11
127,106.70753732591463,114.7782676176934,112.6451061979765,2018-08-12
128,106.56067439618968,114.59976019085936,112.57611529624805,2018-08-13
129,107.16986008905755,115.26953394462262,113.0475536836725,2018-08-14
130,107.1653536513286,115.26527778461111,113.08035608837268,2018-08-15
131,106.39634082467997,114.38765687410562,112.57095368045586,2018-08-16
132,106.83427619745981,114.92375131306147,112.92248172019283,2018-08-17
133,106.2900200798071,114.24362010546021,112.56997712695957,2018-08-18
134,106.63044063300018,114.68587416274825,112.85252857719227,2018-08-19
135,107.25948174945623,115.35194701231784,113.31993066494486,2018-08-20
136,107.59192927745313,115.61985416309166,113.57058388186445,2018-08-21
137,107.70207083920928,115.69518459235172,113.67312298378653,2018-08-22
138,107.59264619016842,115.6203663967273,113.63660784657164,2018-08-23
139,107.93019723973025,115.82936702114193,113.87726870112789,2018-08-24
140,107.81431424682314,115.76491962431578,113.8380050065485,2018-08-25
141,106.9815075930272,115.08259517087166,113.34245055533336,2018-08-26
142,106.12276932626152,114.00645635806619,112.79025967359142,2018-08-27
143,106.2549318685066,114.19492907633008,112.92031568997305,2018-08-28
144,106.27223880591514,114.21901668795869,112.96890451595449,2018-08-29
145,106.04630273425751,113.89379591260442,112.84775420265281,2018-08-30
146,107.01577646117767,115.11797716488343,113.53364878983965,2018-08-31
147,107.21912798248165,115.31536612150306,113.6942954276644,2018-09-01
148,107.18479689243262,115.28356462882093,113.7051982615517,2018-09-02
149,107.48170651728834,115.53771583027653,113.91672390498964,2018-09-03
150,108.39234194220195,116.00805328021447,114.45567669746153,2018-09-04
151,108.70318840158153,116.05543062806592,114.64045287061786,2018-09-05
152,109.12222811607182,116.02265088613213,114.86499566125185,2018-09-06
153,109.48993400841312,115.89905433326774,115.0494674754301,2018-09-07
154,110.38449865150739,115.20793374054143,115.41039905728034,2018-09-08
155,110.0269030779921,115.55244788119194,115.30056703125501,2018-09-09
156,110.45503618450813,115.12893262851836,115.46432298292135,2018-09-10
157,109.96037677310517,115.6063712919354,115.31093136542587,2018-09-11
158,110.15085818876085,115.44352411515366,115.39456581551131,2018-09-12
159,110.02377428955208,115.55505467302673,115.36713239331642,2018-09-13
160,110.25060413868464,115.34781828097402,115.45845576940617,2018-09-14
161,110.80178574150312,114.68646016305348,115.63120124495194,2018-09-15
162,111.3754216850882,113.75132499735517,115.76861806536516,2018-09-16
163,110.91993224722745,114.51483787656133,115.68233877865455,2018-09-17
164,110.7790403313797,114.71827230415603,115.65953182247985,2018-09-18
165,110.53016225434058,115.04073152690333,115.6079916132391,2018-09-19
166,110.47288052493494,115.10836291890317,115.60504425250203,2018-09-20
167,110.28711274790561,115.31097872290216,115.56723972355168,2018-09-21
168,109.80057449289417,115.7230899162191,115.435686603259,2018-09-22
169,109.88321805813317,115.66497636072404,115.47662313960201,2018-09-23
170,110.13636995966259,115.45682607395516,115.56445345383479,2018-09-24
171,110.12355636341829,115.46846428464596,115.57388333875956,2018-09-25
172,109.29156927927353,115.97695372241736,115.3305541201657,2018-09-26
173,108.51527433779317,116.0339377127583,115.05592953974715,2018-09-27
174,108.37927895594561,116.00475934360968,115.02070543380152,2018-09-28
175,108.64002480988712,116.05066555594696,115.1457015130378,2018-09-29
176,108.34500950083319,115.99562487163323,115.04824591077471,2018-09-30
177,107.84884812563027,115.784932181593,114.85848207081708,2018-10-01
178,108.15008940057382,115.93020572209073,115.00979551640566,2018-10-02
179,108.2145178897565,115.95434778786935,115.05703448757829,2018-10-03
180,108.25749863368934,115.96907463908744,115.09458859928176,2018-10-04
181,107.88950626308109,115.80761716330623,114.96484504501092,2018-10-05
182,108.14900153931903,115.92977689144286,115.09186470144455,2018-10-06
183,107.57237137720014,115.60576990472822,114.87262897142605,2018-10-07
184,107.865348567734,115.79425303737824,115.01872997130232,2018-10-08
185,107.34797190001628,115.42911772151172,114.81903562732288,2018-10-09
186,107.0709352553443,115.17365318312982,114.71637407530658,2018-10-10
187,108.01230139885104,115.87033043407851,115.13791125944472,2018-10-11
188,109.07405079965271,116.03219694956688,115.5103035730774,2018-10-12
189,108.73850100713192,116.05700084669077,115.42524747728147,2018-10-13
190,108.5668590829322,116.04202713166035,115.38690585877652,2018-10-14
191,108.17418782772785,115.93952498616889,115.27210102846162,2018-10-15
192,107.92788844219241,115.8281585415772,115.20210103220536,2018-10-16
193,107.28594236688285,115.37546262328122,114.971146007147,2018-10-17
194,107.53646899272316,115.57936361694921,115.09290114039601,2018-10-18
195,106.97303948802535,115.07375891501508,114.88263003430592,2018-10-19
196,106.56798305696356,114.6088922846386,114.72527421699084,2018-10-20
197,106.39296138007921,114.3831602281669,114.66827550668204,2018-10-21
198,105.96165540686758,113.76604298276511,114.48464770626032,2018-10-22
199,106.22087350231637,114.14712368599858,114.6366023126342,2018-10-23
200,106.05578540168904,113.90790931803632,114.58268818533197,2018-10-24
201,106.60838035450068,114.65890077192833,114.86045448027147,2018-10-25
202,106.7895977173134,114.87338026998508,114.95960722416017,2018-10-26
203,106.61927853814844,114.67225580995233,114.91008793895662,2018-10-27
204,106.47372544244928,114.48914358136508,114.87021061921018,2018-10-28
205,105.67449344295777,113.3094543384744,114.52507096537035,2018-10-29
206,105.61846708070138,113.21630027969951,114.52342618936748,2018-10-30
207,105.83759865545998,113.57313410855971,114.65436215853634,2018-10-31
208,105.90771590026486,113.68298954999301,114.71150653188072,2018-11-01
209,105.80707039845016,113.52464190112109,114.68932011150628,2018-11-02
210,105.35368678981088,112.7587333373292,114.4967041161274,2018-11-03
211,105.26890270205722,112.60633206267165,114.48070877689887,2018-11-04
212,104.70892899312187,111.5324703106741,114.21641460944718,2018-11-05
213,103.97741619324852,109.97172072186525,113.82879063310732,2018-11-06
214,103.97551777699145,109.96746361664394,113.858870101135,2018-11-07
215,102.93942076430194,107.51393704618634,113.22984083283929,2018-11-08
216,102.83123630789149,107.24510751310108,113.19072042799895,2018-11-09
217,102.29832743319822,105.89598589702769,112.8473158984604,2018-11-10
218,102.71408958190496,106.95188391074564,113.18030162249046,2018-11-11
219,102.60810896977897,106.68484878488329,113.14198497989814,2018-11-12
220,102.74970954465597,107.04126602294906,113.27480554243228,2018-11-13
221,103.60203373212222,109.11149026646088,113.85352018211057,2018-11-14
222,103.32274436553742,108.44929095873171,113.71468187501965,2018-11-15
223,102.91835399061213,107.46174217278912,113.48976737998144,2018-11-16
224,102.62816175011528,106.73549688324286,113.3306057739498,2018-11-17
225,102.93322341393659,107.49859045528602,113.56592976618225,2018-11-18
226,102.73588730649905,107.00660420720777,113.47062341806739,2018-11-19
227,102.49531996864914,106.39897385328993,113.3437565720649,2018-11-20
228,101.66374375193033,104.25354887700588,112.78279375619763,2018-11-21
229,101.40053578114862,103.56776128824845,112.61773082812753,2018-11-22
230,100.85293750619454,102.14685008290168,112.21226181482524,2018-11-23
231,100.78105479965389,101.96187016025091,112.19163947914532,2018-11-24
232,100.81840570202318,102.05792362591531,112.26304148923253,2018-11-25
233,101.1976011324506,103.03948934023286,112.61082314587225,2018-11-26
234,101.95322923716104,105.005894751212,113.21210785846712,2018-11-27
235,101.56561799656592,103.99793757594493,112.9674685161189,2018-11-28
236,102.33038983512095,105.97814376610685,113.53751644019796,2018-11-29
237,103.53784373677667,108.96087203282165,114.2898157921272,2018-11-30
238,103.76527476236122,109.49001967561367,114.43673778964481,2018-12-01
239,103.65506258344219,109.23517592973364,114.40670177249861,2018-12-02
240,103.40536979413571,108.64701807880179,114.30216677710263,2018-12-03
241,103.31637877592999,108.43399694297027,114.28203555460794,2018-12-04
242,104.22530633082576,110.51885778041301,114.76013889113432,2018-12-05
243,104.76103530592967,111.63711239641137,115.01146444340797,2018-12-06
244,105.09837027598772,112.29145049790907,115.16103179556623,2018-12-07
245,105.05588036369684,112.2112958442746,115.16475722040597,2018-12-08
246,105.02507384959074,112.15276492583509,115.17272307671706,2018-12-09
247,105.83145292226963,113.5634041592752,115.45182370488428,2018-12-10
248,105.64497829289957,113.26054253875584,115.41270983931594,2018-12-11
249,105.89007393977168,113.65554975387538,115.4975435453847,2018-12-12
250,106.92472930870946,115.02264582823281,115.73884120877558,2018-12-13
251,106.5473680341388,114.5830676912957,115.67806229646311,2018-12-14
252,106.20875351711928,114.12998310183707,115.6165536031474,2018-12-15
253,105.26613945179886,112.60131814468286,115.37770487778273,2018-12-16
254,104.62000203895576,111.351761032578,115.17848683516618,2018-12-17
255,105.0315043025448,112.16501123749705,115.33703939676867,2018-12-18
256,104.9479513279664,112.00471832814449,115.32709389721265,2018-12-19
257,105.44063244431523,112.91208984773566,115.48991669491242,2018-12-20
258,105.71932759596916,113.3830557133426,115.5756152502923,2018-12-21
259,104.9803196364388,112.06711604661301,115.38701114016125,2018-12-22
260,105.39146321547577,112.82573170248303,115.51919337446917,2018-12-23
261,104.8266354914263,111.76752422214895,115.37208103193228,2018-12-24
262,104.73866150237944,111.59229407714602,115.36103163671403,2018-12-25
263,104.83236811549376,111.77884945978498,115.40601317452175,2018-12-26
264,103.66776882473803,109.26471059258552,115.01383391288442,2018-12-27
265,103.19196501435157,108.133390706497,114.83324138986455,2018-12-28
266,102.46209083665488,106.3144427881693,114.50668455325186,2018-12-29
267,102.26639172915203,105.81404895011576,114.43057014824703,2018-12-30
268,102.7875968449343,107.13612526864222,114.71801235709668,2018-12-31
269,103.25855149872054,108.29467123836942,114.95172953302644,2019-01-01
270,102.39866352241191,106.152725470069,114.57752410618143,2019-01-02
271,102.53509025383838,106.49996423103131,114.67012842034532,2019-01-03
272,103.03480593190764,107.7492885997289,114.92221240098137,2019-01-04
273,103.70210424086056,109.34432141990928,115.20596549143833,2019-01-05
274,104.25773183645732,110.58910423245305,115.40694224181662,2019-01-06
275,104.59545773067691,111.3014195397243,115.51753844160608,2019-01-07
276,104.53381842968135,111.17412127497246,115.5151201893414,2019-01-08
277,104.34823540242594,110.78349053810344,115.47885974252645,2019-01-09
278,103.54290076198782,108.97277329092205,115.24170241108173,2019-01-10
279,103.16216900931694,108.06093368100835,115.12067376096158,2019-01-11
280,103.20212956490269,108.15806828026977,115.15543455510657,2019-01-12
281,103.07922105013267,107.85831570146863,115.12833108035656,2019-01-13
282,103.28459790597779,108.35751226160572,115.22351285915708,2019-01-14
283,103.38319411173045,108.59409587147393,115.27619127248154,2019-01-15
284,103.31298477351356,108.42583898084406,115.26981381717579,2019-01-16
285,102.74900619775511,107.03950295142614,115.07936681911441,2019-01-17
286,102.38539805693554,106.118844670158,114.94966613312134,2019-01-18
287,103.35520815597454,108.52715443974796,115.33611592136177,2019-01-19
288,102.32545084134297,105.96549486149782,114.9672691719959,2019-01-20
289,101.61891125903473,104.13678289298245,114.66199848438488,2019-01-21
290,102.09960408747428,105.38459271753517,114.91262339210965,2019-01-22
291,102.28373903768957,105.85856928797004,115.01359021774624,2019-01-23
292,102.06376179111531,105.29200179131237,114.94090018946525,2019-01-24
293,101.72672489727938,104.4175026385554,114.81039273898593,2019-01-25
294,102.18694426343549,105.60978755294437,115.03608032590095,2019-01-26
295,102.41591084290364,106.1967463545659,115.14773664650248,2019-01-27
296,102.62901330770076,106.7376464643246,115.24565696754247,2019-01-28
297,102.28504624256982,105.86192290491876,115.13612848503163,2019-01-29
298,102.24889994322675,105.7691280390739,115.1416380066456,2019-01-30
299,102.38869783091235,106.12727433794981,115.21361085416886,2019-01-31
300,102.7342440640215,107.00248154985532,115.35136140154445,2019-02-01
301,102.54255734443049,106.51890325239603,115.30424553929979,2019-02-02
302,101.92504210882424,104.9328103286204,115.092557263799,2019-02-03
303,101.51966972644311,103.87820505712864,114.94108458001311,2019-02-04
304,101.36961151735548,103.48719765332817,114.89523152278889,2019-02-05
305,101.42908782610101,103.64215568586887,114.94431231467705,2019-02-06
306,101.22809620864312,103.11879340072116,114.87464904303468,2019-02-07
307,101.4018398626236,103.57115896539253,114.97554731496547,2019-02-08
308,102.82966439214462,107.24118719428625,115.50362971478154,2019-02-09
309,102.53409703580753,106.49744455863697,115.43255245764404,2019-02-10
310,103.19016119305084,108.12900922448088,115.62124798384663,2019-02-11
311,103.64932451860884,109.22182528663444,115.72597555174558,2019-02-12
312,103.92654773750695,109.85731026833687,115.7798002916562,2019-02-13
313,104.56643884250948,111.24164424509217,115.85861089305678,2019-02-14
314,104.62644895289115,111.36495083822547,115.86707177847993,2019-02-15
315,105.31807200564656,112.6950557871325,115.89264645456075,2019-02-16
316,105.51482928402012,113.04057446000968,115.88945026218099,2019-02-17
317,105.92641386571229,113.71192385933908,115.86778397911519,2019-02-18
318,106.28060832090374,114.23061558814081,115.83194727203178,2019-02-19
319,105.67441353275665,113.30932240346785,115.87683880896282,2019-02-20
320,105.49393703487237,113.00462015944115,115.88306163668649,2019-02-21
321,105.96238337046127,113.76715514559477,115.84796285337113,2019-02-22
322,106.33145192212706,114.30037811734447,115.80066358069317,2019-02-23
323,106.97008779369344,115.0706702434603,115.68624998726465,2019-02-24
324,106.98016894861124,115.08120077978401,115.67368282599509,2019-02-25
325,106.9239336721152,115.02179404798947,115.67452312179995,2019-02-26
326,107.22928850977371,115.32465823103672,115.59520967018125,2019-02-27
327,106.27659306861736,114.22505509522824,115.77115000744311,2019-02-28
328,106.55834114668814,114.59683937660749,115.71505190593933,2019-03-01
329,106.54712043958567,114.58275627932444,115.70740325969598,2019-03-02
330,107.06351467028006,115.1662548798253,115.58505018533454,2019-03-03
331,106.39439271132458,114.38506539702485,115.71627375012329,2019-03-04
332,106.51711847119797,114.54480252847179,115.68276747488795,2019-03-05
333,106.68777051376783,114.75485769700413,115.63586806808928,2019-03-06
334,107.24006755226836,115.33445604941863,115.48460617793815,2019-03-07
335,106.78205619443123,114.8647791888785,115.59004624641642,2019-03-08
336,106.81797590230033,114.90549027339311,115.56852852153882,2019-03-09
337,107.04769572456026,115.15038796243269,115.49472062419122,2019-03-10
338,107.47760242590576,115.53452820374879,115.35064459362682,2019-03-11
339,108.05491449195898,115.8900407195111,115.12788346287728,2019-03-12
340,107.73662526050578,115.71741344122266,115.22732021511541,2019-03-13
341,108.68558162079766,116.05435419896035,114.81738747653529,2019-03-14
342,109.15926978085713,116.01427512210047,114.5601057803732,2019-03-15
343,108.83878352744149,116.05715384828999,114.69689464476822,2019-03-16
344,109.16295981170863,116.0133912626587,114.5064034692738,2019-03-17
345,108.80524317650901,116.05781405390927,114.66433694373741,2019-03-18
346,108.52962533381863,116.03635355024183,114.77305464742027,2019-03-19
347,108.78276272074932,116.05785574625122,114.62580840450913,2019-03-20
348,109.09440992744727,116.02834841452847,114.43746509848758,2019-03-21
349,109.68307257631496,115.79749099614982,114.06925975145221,2019-03-22
350,109.7438482385279,115.7602089665787,114.00165298113217,2019-03-23
351,109.2625197812215,115.98614454676617,114.26141728591817,2019-03-24
352,109.36004305817042,115.95305776507425,114.17616959476307,2019-03-25
353,108.1083071452561,115.91323162999639,114.8040269691377,2019-03-26
354,107.30219273040322,115.38971875927173,115.12058926233475,2019-03-27
355,107.24142320719791,115.33568392506226,115.12398234167198,2019-03-28
356,107.08336178409212,115.18597824692871,115.16380199752274,2019-03-29
357,107.24129085849981,115.33556409415012,115.08404174007036,2019-03-30
358,107.92871703326443,115.8285926007472,114.76919641719063,2019-03-31
359,107.2534562353591,115.34653989027879,115.03821275600328,2019-04-01
360,106.44790380058133,114.45559581166162,115.3127204131448,2019-04-02
361,106.63212741714551,114.6879268343423,115.23234896128858,2019-04-03
362,107.6014859706774,115.62665891857607,114.82465856304384,2019-04-04
363,107.99185509801299,115.86049621472527,114.61706846039262,2019-04-05
364,106.80102729306927,114.88636141575338,115.11322091937114,2019-04-06
365,106.54292485339182,114.57747478229037,115.18954156835532,2019-04-07
366,106.80932107411407,114.89574010406807,115.0697265957024,2019-04-08
367,106.43970712592743,114.44488022366353,115.18895492358882,2019-04-09
368,106.98392012630724,115.08510584678955,114.95714291825101,2019-04-10
369,107.51892801666601,115.5662031485313,114.69643497165846,2019-04-11
370,107.5905445259296,115.61886395005068,114.63754979732359,2019-04-12
371,107.71727490608139,115.70504841555338,114.54985319926256,2019-04-13
372,107.1534545199701,115.25398811332204,114.79335759204818,2019-04-14
373,107.05096180262719,115.15367458271241,114.81598291457561,2019-04-15
374,107.57306584444639,115.60627364854284,114.54470961725033,2019-04-16
375,107.12547468286084,115.2271481977321,114.73496970593504,2019-04-17
376,106.02956410890476,113.86878536756635,115.16619742813097,2019-04-18
377,105.87133761927802,113.62625987069113,115.2042691683977,2019-04-19
378,105.44922258052571,112.9270782901451,115.32952503947452,2019-04-20
379,105.46367235113779,112.95222426388732,115.30767228089078,2019-04-21
380,106.37813499869462,114.36336881639153,114.94803696475202,2019-04-22
381,107.04296547194771,115.14561815350723,114.62672275301655,2019-04-23
382,108.1288176643358,115.9216932020712,114.01890257760279,2019-04-24
383,108.66724214159863,116.05302580724049,113.65483284678659,2019-04-25
384,108.93390472279422,116.05136650766981,113.44473370065997,2019-04-26
385,108.19009635117962,115.94548778689797,113.89090958981139,2019-04-27
386,108.19071742149345,115.94571751734028,113.8595310033416,2019-04-28
387,108.72458789893903,116.05647610246442,113.48508635310182,2019-04-29
388,108.99162669916107,116.04501467139498,113.26773799165373,2019-04-30
389,109.16887314721859,116.01195614024975,113.10602640591662,2019-05-01
390,109.33178711397635,115.96329916715536,112.95004287376709,2019-05-02
391,110.24647162747713,115.3519269819509,112.17905238478278,2019-05-03
392,110.57778588079177,114.98263797480506,111.846522255664,2019-05-04
393,110.72615052111124,114.79072002207107,111.6688679573911,2019-05-05
394,110.5639515499371,114.99968873120443,111.77578862926593,2019-05-06
395,111.80280926854196,112.88361493396086,110.49386921882322,2019-05-07
396,112.06518070923019,112.27599549791618,110.15279020363708,2019-05-08
397,111.60031173034626,113.31334938730473,110.6217540764509,2019-05-09
398,111.62419938515778,113.26441150349346,110.55037421683306,2019-05-10
399,112.25868712224116,111.79040786934719,109.78412553422679,2019-05-11
400,111.64290246558508,113.22576875174661,110.43816023633116,2019-05-12
401,111.08040295922241,114.26444997440561,110.9799008138636,2019-05-13
402,111.30871141695924,113.873403631262,110.70174485388407,2019-05-14
403,112.07213598084094,112.259096929667,109.81346027966367,2019-05-15
404,112.06547678346215,112.27527699305142,109.7734723512042,2019-05-16
405,111.95474958563206,112.53880193102088,109.85443201213407,2019-05-17
406,111.78405887310497,112.9248307203284,110.00159914235836,2019-05-18
407,112.23642820867185,111.84790311671178,109.42526851921086,2019-05-19
408,112.85797373483,110.0785576782795,108.58289165497601,2019-05-20
409,112.98067357392671,109.68820745895529,108.36550235551825,2019-05-21
410,112.67485636338716,110.63559801065298,108.72574838378763,2019-05-22
411,112.21022331103569,111.91504275927191,109.26201969343659,2019-05-23
412,112.24786292672948,111.8184204784269,109.16706176164817,2019-05-24
413,112.2325817990643,111.85779510579863,109.13663800263214,2019-05-25
414,113.01232315178244,109.58526935856364,108.06812166925417,2019-05-26
415,112.56046297732362,110.96827306204673,108.62459218921413,2019-05-27
416,113.27794290328616,108.68448820603149,107.58540411706754,2019-05-28
417,113.60993780682045,107.46393164622941,107.02922427737234,2019-05-29
418,113.24322323403719,108.80600756888903,107.53327677833823,2019-05-30
419,113.07351549268697,109.38361052743602,107.72637768106732,2019-05-31
420,113.30077673378068,108.60394424724387,107.34526373395352,2019-06-01
421,113.81991360677955,106.63601852909244,106.48218690714859,2019-06-02
422,113.79683417618655,106.72918331833515,106.46780834955987,2019-06-03
423,113.78639677043891,106.77113912619005,106.43254523503404,2019-06-04
424,113.35787304197467,108.40036303289646,107.05258317283912,2019-06-05
425,113.27529528971934,108.69379525497409,107.12384818236198,2019-06-06
426,113.01294684375287,109.58323152577911,107.45187352181476,2019-06-07
427,112.85476228173647,110.08858910814882,107.62139255675478,2019-06-08
428,113.6089455840938,107.46773962879794,106.4564378526744,2019-06-09
429,114.04340669097036,105.7056554462662,105.68270118470011,2019-06-10
430,113.51146553408844,107.83712962436584,106.50461478443593,2019-06-11
431,114.01506667455226,105.82648770085277,105.62664113208038,2019-06-12
432,113.9445003057246,106.1237313704416,105.6952338287458,2019-06-13
433,113.57912639996619,107.58172745545103,106.24135203855829,2019-06-14
434,113.43926418792203,108.10474153506595,106.40664062886913,2019-06-15
435,113.51352342829315,107.82942769585253,106.23925071157258,2019-06-16
436,113.55648022030094,107.66771073486365,106.11947201271805,2019-06-17
437,113.27045297035284,108.71080000882544,106.50508454955587,2019-06-18
438,113.47825770818302,107.96084302299785,106.13653805908407,2019-06-19
439,113.2054278519979,108.93699238794767,106.49691456046892,2019-06-20
440,113.66628490230082,107.24608203168331,105.73443480521263,2019-06-21
441,113.99284452418024,105.9206500961819,105.13831171523782,2019-06-22
442,114.01348214804887,105.83321885974557,105.04999613412289,2019-06-23
443,113.81825001135368,106.64275200834332,105.32817162422718,2019-06-24
444,113.75348165395518,106.9027303275607,105.38225135748237,2019-06-25
445,113.57815819080844,107.58541388112404,105.61176020989063,2019-06-26
446,113.10758558494996,109.2698212738312,106.27357655777413,2019-06-27
447,113.28492413272009,108.65991537418147,105.95850264632264,2019-06-28
448,113.87173374473569,106.42486614658854,104.97561244585958,2019-06-29
449,113.93844212645061,106.14900992833786,104.81032700790709,2019-06-30
450,113.96018896681552,106.05809237731964,104.72066685789059,2019-07-01
451,113.59682804733148,107.51416627550816,105.26610982076528,2019-07-02
452,113.16688397827362,109.06918130454328,105.8712420881343,2019-07-03
453,113.35014296255406,108.4281079635536,105.5440703233363,2019-07-04
454,113.32761139164822,108.50865181670966,105.5256047219247,2019-07-05
455,113.24161719286472,108.81160103887903,105.60233386750575,2019-07-06
456,113.31201005480753,108.56413737657746,105.44386786802922,2019-07-07
457,113.34670441305963,108.44043124172747,105.33859531953755,2019-07-08
458,112.7170606874082,110.50990090180383,106.19808695396478,2019-07-09
459,112.89796396003673,109.95285289190817,105.89203708957098,2019-07-10
460,112.58401740116591,110.90072726005621,106.27557581221426,2019-07-11
461,112.66424223049036,110.66695820790781,106.11335585391168,2019-07-12
462,112.84453468091795,110.12047375506985,105.80975468462022,2019-07-13
463,112.53041724829338,111.05371841925091,106.19077499023466,2019-07-14
464,111.67891841742257,113.15054641924955,107.23294802083983,2019-07-15
465,112.30377304721226,111.67263584828582,106.38810762699093,2019-07-16
466,112.83553600268085,110.1484483358641,105.61184529825461,2019-07-17
467,113.31056799910681,108.56925424728603,104.86676226197152,2019-07-18
468,112.77778530665947,110.32622697262366,105.58757641762946,2019-07-19
469,113.1147284239437,109.24582764576458,105.05270919429451,2019-07-20
470,113.20688801405223,108.93195710204296,104.86412730053955,2019-07-21
471,113.60682275299625,107.47588342956413,104.19899197800515,2019-07-22
472,113.96848456327548,106.02328208693534,103.55603126285797,2019-07-23
473,114.01248967672998,105.837433602758,103.42955487157282,2019-07-24
474,114.44844704731906,103.8850011487082,102.59984298659555,2019-07-25
475,114.6433987923962,102.94381609995875,102.17360587584477,2019-07-26
476,114.94381337790858,101.40499719720412,101.50012801583632,2019-07-27
477,115.03712303544104,100.90380753307613,101.2437038490511,2019-07-28
478,114.6918671786919,102.70296911917207,101.92716565104296,2019-07-29
479,115.00510481941397,101.07708441594612,101.21868415139019,2019-07-30
480,114.94612793885355,101.39270333693946,101.29980276553958,2019-07-31
481,114.5622238710559,103.34101868202188,102.0310340283439,2019-08-01
482,114.26242977570269,104.74319713241253,102.5331059267927,2019-08-02
483,114.58439845409197,103.23327460700702,101.88877533859566,2019-08-03
484,114.71874421239609,102.56820955644777,101.57655372749419,2019-08-04
485,114.41873472762094,104.02465083292456,102.0997130451625,2019-08-05
486,114.16435812966796,105.18047083927557,102.50209701800233,2019-08-06
487,114.43083230588475,103.96791077504102,101.97753683257771,2019-08-07
488,114.3861804627553,104.17652657668972,102.0089674975075,2019-08-08
489,114.7425938554747,102.44790352081617,101.28468080219643,2019-08-09
490,114.91139935331695,101.57643923349575,100.89217309213379,2019-08-10
491,114.8250429108548,102.02667498131284,101.02245193371175,2019-08-11
492,114.63969745175856,102.96209470670468,101.33954762098037,2019-08-12
493,114.29452320412108,104.59784634543638,101.92314481278156,2019-08-13
494,114.11336659024573,105.4037658228343,102.18553559588825,2019-08-14
495,114.15989084374696,105.20014379093764,102.05639095272187,2019-08-15
496,114.19313320394689,105.0532412016668,101.9496444681672,2019-08-16
497,114.24389850411163,104.82661625589888,101.8125738988659,2019-08-17
498,113.94073697249377,106.13943882861305,102.2708553896931,2019-08-18
499,114.8387858849502,101.95564921191776,100.61446792720203,2019-08-19
500,114.6927678407098,102.69846722883165,100.85258454449797,2019-08-20
501,114.50583058610881,103.61248266499392,101.1527870615599,2019-08-21
502,114.38482263882548,104.18283565837665,101.32086124007952,2019-08-22
503,114.54343740144289,103.43185689615039,100.98805851356806,2019-08-23
504,114.44186286460199,103.91603250929758,101.12295228052044,2019-08-24
505,114.26425400374008,104.73496520713235,101.38393854091285,2019-08-25
506,114.66016372593238,102.86082269750526,100.63005993484045,2019-08-26
507,114.62385149577455,103.0401663001515,100.6503411148822,2019-08-27
508,113.69600379148439,107.12991230229858,102.15582663020906,2019-08-28
509,113.63277724309498,107.37600874014962,102.20259399136278,2019-08-29
510,113.44118876692826,108.09767382724358,102.4404434306383,2019-08-30
511,113.01871249075283,109.5643759476482,103.00004353135066,2019-08-31
512,112.73208965823463,110.46475288762055,103.34588487698664,2019-09-01
513,112.86131600086308,110.06810763560935,103.11681801449896,2019-09-02
514,112.75143824945314,110.40632829338249,103.21618510588773,2019-09-03
515,113.01323050194046,109.58230459010687,102.80283871725351,2019-09-04
516,112.06073265126699,112.28678094876624,104.02397598105718,2019-09-05
517,112.73824696001358,110.44619710647422,103.07962755358366,2019-09-06
518,112.7122786881888,110.52422364226598,103.063421528583,2019-09-07
519,112.68394184463327,110.60867399332702,103.05030004237197,2019-09-08
520,112.85373105106243,110.09180830669203,102.76833723009457,2019-09-09
521,113.13997793612249,109.16062854309938,102.32001446426524,2019-09-10
522,112.99077935677673,109.65543979088494,102.47785499912503,2019-09-11
523,112.96869894268589,109.72691268004955,102.45771886246062,2019-09-12
524,113.03313424499626,109.51707700860007,102.31803984888992,2019-09-13
525,112.67939215233618,110.62216586877457,102.74907157120228,2019-09-14
526,112.43895113550101,111.3089190962938,103.01601764990482,2019-09-15
527,112.66152171292832,110.6749798967077,102.67095945434934,2019-09-16
528,112.33884945725426,111.57978978235403,103.04355879887322,2019-09-17
529,113.05359812283588,109.4496302352591,102.03863111301261,2019-09-18
530,113.1543984240543,109.11170133804988,101.84922212005657,2019-09-19
531,112.74932512138405,110.41272550138339,102.35093982836901,2019-09-20
532,112.6016508655152,110.8498374439673,102.49616941044313,2019-09-21
533,112.68235800714679,110.61337289057826,102.33902731685522,2019-09-22
534,112.3400352872779,111.57663221998715,102.73476438681146,2019-09-23
535,112.78266969935203,110.3113081822934,102.1052733547916,2019-09-24
536,113.2513177056266,108.77777915173601,101.41888527888369,2019-09-25
537,113.69581940151309,107.13063578803418,100.7393289468878,2019-09-26
538,113.6677044286402,107.24055316808068,100.73277703588366,2019-09-27
539,113.51347518840271,107.82960828706211,100.9061074193194,2019-09-28
540,114.0126209944838,105.83687599253491,100.13114419421134,2019-09-29
541,114.18524457332863,105.08820901400317,99.82340395260402,2019-09-30
542,114.54596870610736,103.41964091441609,99.20906268546224,2019-10-01
543,114.78909018836269,102.21137910631357,98.76126603121611,2019-10-02
544,114.98972701737085,101.1598206446499,98.3692706362983,2019-10-03
545,115.08197963515944,100.65872009553915,98.16243423774125,2019-10-04
546,114.92686884277776,101.4947877018098,98.40179459256939,2019-10-05
547,115.10512578936805,100.53117212769713,98.04342223286253,2019-10-06
548,114.99460726743729,101.1335976612892,98.20435453194166,2019-10-07
549,114.94489820946822,101.39923594590768,98.25265383009133,2019-10-08
550,114.82874676842411,102.00755598193008,98.41157630799593,2019-10-09
551,114.85300483560414,101.88191587802544,98.33140752373937,2019-10-10
552,114.5694596882536,103.30592297887542,98.75217144752634,2019-10-11
553,114.70875862970689,102.61837740455286,98.48957743096362,2019-10-12
554,114.85372384587032,101.87818068960419,98.21324119609302,2019-10-13
555,114.7486454512184,102.41726800905437,98.34597827606382,2019-10-14
556,114.92383649807267,101.51081731521683,98.0200340914996,2019-10-15
557,114.91868265720937,101.53803450771679,97.99088243366472,2019-10-16
558,114.93434159114047,101.45523465723059,97.92739109292114,2019-10-17
559,114.82411364468513,102.03146910468924,98.06968122822502,2019-10-18
560,114.85737134519059,101.85922231105482,97.97829347413368,2019-10-19
561,114.8737742892242,101.77375928896697,97.91441438208676,2019-10-20
562,114.68093105103063,102.75755551648034,98.18009480977355,2019-10-21
563,114.81471980107847,102.07987229609381,97.93377270654696,2019-10-22
564,114.82247419937617,102.03992446244648,97.88432653843044,2019-10-23
565,114.95636372099976,101.33825231873705,97.63521964896469,2019-10-24
566,114.95221694668216,101.36032820580016,97.6061070493152,2019-10-25
567,114.89090891167122,101.6841217024272,97.6672743795257,2019-10-26
568,115.11821063470214,100.45873690402323,97.26733067257724,2019-10-27
569,115.27341883704696,99.58060429033954,96.97305899079812,2019-10-28
570,115.28812641649841,99.49550485384486,96.91601611956769,2019-10-29
571,115.24947666275027,99.71841454004874,96.95021609263776,2019-10-30
572,115.14973952438972,100.28320566294262,97.08299629084974,2019-10-31
573,115.42183892133002,98.70553423290053,96.59087844471115,2019-11-01
574,115.27140998700027,99.59220135111231,96.819527949611,2019-11-02
575,115.2359198130683,99.79605632451204,96.84709998093169,2019-11-03
576,114.8604823449151,101.84303928393031,97.39629444246583,2019-11-04
577,114.59495976280883,103.18175825296542,97.74440563876891,2019-11-05
578,114.60076692657796,103.15337668558347,97.69992811005037,2019-11-06
579,114.87770749778075,101.75321603259502,97.2685533515595,2019-11-07
580,114.46473530790924,103.80802493993421,97.815339607436,2019-11-08
581,114.43689974033511,103.9393916493549,97.81640763653205,2019-11-09
582,114.92991693053823,101.47866294653274,97.09296632684004,2019-11-10
583,114.80176076434554,102.14646677965753,97.24271710253085,2019-11-11
584,114.42801255792772,103.98115057984523,97.71873245901517,2019-11-12
585,114.35766856939502,104.30857758986647,97.7753969906616,2019-11-13
586,114.65938726231212,102.86467383269473,97.33756193512293,2019-11-14
587,114.629965392586,103.01007854151398,97.34303797180235,2019-11-15
588,114.90363803509878,101.61728986954905,96.9371699547016,2019-11-16
589,114.7230847873556,102.54636510068987,97.1508864033238,2019-11-17
590,115.05124559680873,100.82694035728179,96.66984521562898,2019-11-18
591,114.90644495892803,101.60252488707779,96.8393104467013,2019-11-19
592,115.06405018861182,100.75701254858612,96.59294272674414,2019-11-20
593,114.92484084271109,101.50550944691264,96.75303885646923,2019-11-21
594,114.9059321837032,101.60522293802512,96.74794174907605,2019-11-22
595,114.67170840080605,102.80347891269912,97.02249739557669,2019-11-23
596,114.93011896019978,101.47759376234968,96.65585633754411,2019-11-24
597,114.65565008674241,102.88319967228321,96.97878794064249,2019-11-25
598,114.75434893618804,102.38835419475888,96.82233276820176,2019-11-26
599,115.04324305930176,100.8705302262803,96.4209550998932,2019-11-27
600,115.08805393434149,100.62531930173367,96.33480797967962,2019-11-28
601,115.26310988157056,99.64005108626483,96.0774133435667,2019-11-29
602,115.22898502260486,99.83566468816989,96.09764876945911,2019-11-30
603,115.29230549173988,99.4712620767714,95.98955225338617,2019-12-01
604,115.14139480660262,100.32980089998276,96.16016207079171,2019-12-02
605,115.34352769901099,99.17183808428248,95.87513651848204,2019-12-03
606,115.57841785639465,97.73836344588304,95.53866694608715,2019-12-04
607,115.67262753186336,97.12931081858747,95.38800364334192,2019-12-05
608,115.77724265312601,96.41960585542859,95.21808785363177,2019-12-06
609,115.87261710621897,95.71957592864602,95.05050431050017,2019-12-07
610,115.7433420117603,96.65437148553649,95.23916733798059,2019-12-08
611,115.80891522926251,96.19488104982268,95.12966793899245,2019-12-09
612,115.84928222021571,95.89835657370448,95.05620105339196,2019-12-10
613,115.79392491296372,96.30197109645528,95.12624518190725,2019-12-11
614,115.83867230333776,95.97763416487547,95.05023059858469,2019-12-12
615,115.8268673736448,96.06464313078496,95.05614920159783,2019-12-13
616,115.73065265906712,96.74095111433545,95.17181611019838,2019-12-14
617,115.89614318382368,95.53070367447427,94.93655703605047,2019-12-15
618,115.91677209061774,95.35274042168955,94.89704038860623,2019-12-16
619,115.89296538438929,95.55689459511584,94.92605094099083,2019-12-17
620,115.81515892461248,96.14984688295887,95.01852728616055,2019-12-18
621,115.82309812739176,96.09218478344629,94.99897223083208,2019-12-19
622,115.73412399258265,96.71733080201388,95.09163613690981,2019-12-20
623,115.6377387200816,97.35765378026294,95.18547250691549,2019-12-21
624,115.48383935869353,98.32849296218421,95.33491602558253,2019-12-22
625,115.64077065933773,97.3379483030299,95.15534619798265,2019-12-23
626,115.59209465930344,97.65137014832118,95.19222103682921,2019-12-24
627,115.64284425962661,97.32445667693769,95.1274494245384,2019-12-25
628,115.60534002333591,97.56668669655211,95.1519509385998,2019-12-26
629,115.78196066205206,96.38649046401423,94.96923283035383,2019-12-27
630,115.85868841858513,95.82709604736147,94.89058245423281,2019-12-28
631,115.84924122542044,95.89866503915555,94.89280847154372,2019-12-29
632,115.91739315105801,95.34709302527911,94.83401112252679,2019-12-30
633,115.90419370731043,95.4631036359103,94.84008935508929,2019-12-31
634,115.85014248249375,95.89187947832187,94.8749215734165,2020-01-01
635,115.88600300121679,95.61345665567936,94.84532093147254,2020-01-02
636,115.79574932631654,96.28901115628229,94.90368764780726,2020-01-03
637,115.70123822112193,96.93927303467548,94.96809280189503,2020-01-04
638,115.61569812251331,97.50015576904266,95.02561512450278,2020-01-05
639,115.53388740735686,98.01861192212212,95.07949721751913,2020-01-06
640,115.56920266976675,97.79672812414019,95.0407611689839,2020-01-07
641,115.27070795603944,99.59625267980405,95.26500758818034,2020-01-08
642,115.32897826131115,99.2573229656099,95.2035621948266,2020-01-09
643,115.34849324746912,99.14258274369546,95.1744885657726,2020-01-10
644,115.4481482222667,98.54642661987468,95.08660226085435,2020-01-11
645,115.64964357687586,97.28013308644532,94.93791615520429,2020-01-12
646,115.61974326916753,97.4740985385735,94.94875241798765,2020-01-13
647,115.7365358149249,96.70089149015195,94.8748315283686,2020-01-14
648,115.55521999969255,97.88491389520411,94.9721565529409,2020-01-15
649,115.87587576173976,95.69402223071882,94.82147071986822,2020-01-16
650,115.75941580753673,96.54372202051262,94.85056870870181,2020-01-17
651,115.72083179528315,96.80752218887989,94.86228503867568,2020-01-18
652,115.66380022469016,97.18742179585416,94.88283589856265,2020-01-19
653,115.6904962356058,97.01093660355144,94.86568207551333,2020-01-20
654,115.7547024342261,96.57628650312725,94.83836174444453,2020-01-21
655,115.83842173859107,95.97949349627632,94.82134597350509,2020-01-22
656,115.91752189810944,95.34591945863752,94.84777841514648,2020-01-23
657,115.92164815178931,95.30774010928877,94.85631026839995,2020-01-24
658,115.8301612958941,96.04048258905232,94.82142267489331,2020-01-25
659,115.93315604105668,95.19278818033393,94.88570637354572,2020-01-26
660,115.88566268399933,95.61619497834931,94.83843081368015,2020-01-27
661,115.79911847411273,96.26502586586383,94.82127641913507,2020-01-28
662,115.89149535403438,95.5689270805553,94.84889829744732,2020-01-29
663,115.91184252363118,95.3968293554382,94.87271081119123,2020-01-30
664,115.93956738061053,95.11751896958789,94.94084202625199,2020-01-31
665,115.93852978467103,94.9567982401948,95.08423727297316,2020-02-01
666,115.92149849809323,94.98160417619256,95.17654471204676,2020-02-02
667,115.83702494551325,95.30047261041196,95.43063632938384,2020-02-03
668,115.83766190989297,95.29770551743245,95.44690030120603,2020-02-04
669,115.8513253611079,95.23909006677907,95.43123509876877,2020-02-05
670,115.86516268801903,95.18142135947566,95.41281994450704,2020-02-06
671,115.88388013255778,95.10704734011772,95.37716863443227,2020-02-07
672,115.61249366534598,96.3612165360937,95.98916175232783,2020-02-08
673,115.51955868567079,96.81924533004961,96.18030317275893,2020-02-09
674,115.26912514506063,98.05823133954647,96.62301978335812,2020-02-10
675,115.4167910645314,97.32818759375549,96.41032537168344,2020-02-11
676,115.22418136743369,98.27940461982512,96.75422232549184,2020-02-12
677,115.1928007879885,98.43343928539564,96.83467514294748,2020-02-13
678,115.11397142476368,98.818747360127,96.99009407616387,2020-02-14
679,115.21799545121252,98.309795693227,96.85643829753708,2020-02-15
680,115.07647360221766,99.00112593709183,97.11353530493746,2020-02-16
681,115.20955982375463,98.35121852434715,96.9329207893673,2020-02-17
682,115.13683161561492,98.70726577304644,97.08309838782179,2020-02-18
683,115.27617690862044,98.02347416000676,96.88498866117133,2020-02-19
684,115.19408006362791,98.42716662582525,97.05453410415174,2020-02-20
685,115.22729728416807,98.264091449987,97.03128138046546,2020-02-21
686,115.31959607122732,97.80918184128609,96.90419040371417,2020-02-22
687,115.35896648617683,97.6145136844198,96.86548977153531,2020-02-23
688,115.36188991784202,97.60004772092543,96.89147973293731,2020-02-24
689,115.50133304752934,96.90941934777412,96.65929498780827,2020-02-25
690,115.51276440634972,96.85285288000561,96.66642865675577,2020-02-26
691,115.54474727186721,96.69475700313548,96.63140985513388,2020-02-27
692,115.67941550962706,96.03495490143932,96.36642109544647,2020-02-28
693,115.57524461527673,96.54432625959578,96.62666619410605,2020-02-29
694,115.7235717587024,95.82268660045423,96.31401837109016,2020-03-01
695,115.69478198537708,95.96074387740052,96.41271295106955,2020-03-02
696,115.66217422002487,96.11857992081997,96.51923027559248,2020-03-03
697,115.65568872551282,96.1501238926672,96.56341314393508,2020-03-04
698,115.81183714593118,95.41192502409291,96.17555023216256,2020-03-05
699,115.86247339054646,95.19247550613775,96.0301677576936,2020-03-06
700,115.86637775236565,95.17645366385331,96.03999359633873,2020-03-07
701,115.86206302915359,95.19416923323884,96.08118870816168,2020-03-08
702,115.92630284221572,94.97041196517009,95.79467050924337,2020-03-09
703,115.94421497674574,94.97683779817079,95.61982222374934,2020-03-10
704,115.94314697177532,95.06424476248277,95.51091066211387,2020-03-11
705,115.9427135427017,95.07173355557187,95.52220873123946,2020-03-12
706,115.93719570962739,94.95644556748508,95.7905034107205,2020-03-13
707,115.94453816470889,94.98107951480786,95.69165263868676,2020-03-14
708,115.94503096181954,94.9924630782378,95.68813513856446,2020-03-15
709,115.94316117197954,94.96825578381458,95.77124611779277,2020-03-16
710,115.903053744533,95.03735778456974,96.12533764792444,2020-03-17
711,115.89597040561748,95.06210731789662,96.18813872865398,2020-03-18
712,115.90936936111301,95.01658749364971,96.14070566039172,2020-03-19
713,115.9115348206413,95.00980794634512,96.15332426198366,2020-03-20
714,115.87812068018732,95.12939919237805,96.35447315600051,2020-03-21
715,115.76834803906175,95.61134007306484,96.79341230588227,2020-03-22
716,115.88990001594716,95.08429974887301,96.35227742399003,2020-03-23
717,115.9023629560334,95.03970942670426,96.31260483807135,2020-03-24
718,115.84921842186131,95.24803016213565,96.59327744187057,2020-03-25
719,115.85118397218854,95.23968879306378,96.61443201429654,2020-03-26
720,115.88002839480065,95.12193692636063,96.51341463456393,2020-03-27
721,115.91926794711553,94.98741420219791,96.31241072741038,2020-03-28
722,115.86505211897737,95.1818742522441,96.64235913365782,2020-03-29
723,115.94141095349553,94.96110296136446,96.13692189161783,2020-03-30
724,115.94500194245794,94.99137222371921,96.05605574376544,2020-03-31
725,115.94498975903724,95.01943769878083,96.02454380824044,2020-04-01
726,115.94369011595373,94.97188268646582,96.16275394278769,2020-04-02
727,115.9135241997997,95.00375785880199,96.52071610117223,2020-04-03
728,115.87811812479998,95.1294092252806,96.7593462396044,2020-04-04
729,115.8883258161584,95.09018207858446,96.73533951476703,2020-04-05
730,115.89834388109345,95.05366428992714,96.70753457240406,2020-04-06
731,115.9002651018247,95.04693727761189,96.72588553199192,2020-04-07
732,115.80425975656328,95.44612012076848,97.2119485235099,2020-04-08
733,115.7227213868125,95.82674356267327,97.53571752279011,2020-04-09
734,115.75207707023512,95.68757312511195,97.47176947983749,2020-04-10
735,115.8641835898607,95.18543656579709,97.04967315794397,2020-04-11
736,115.92304476954638,94.97778819372374,96.71059128664609,2020-04-12
737,115.80969964976788,95.42154350786238,97.35957188822485,2020-04-13
738,115.89157287544435,95.07810379749174,96.99710847182483,2020-04-14
739,115.93449718607192,94.95765050372907,96.68178773595555,2020-04-15
740,115.94394084421428,95.04889571237773,96.36485686104864,2020-04-16
741,115.94028136345646,95.10799486791485,96.3093569230635,2020-04-17
742,115.94382887752363,95.05123553767798,96.4164095513396,2020-04-18
743,115.92334459493007,94.97707014731279,96.92376174833451,2020-04-19
744,115.87811329042282,95.12942820616838,97.27351182738208,2020-04-20
745,115.88341485017608,95.1088328542632,97.27650020798355,2020-04-21
746,115.88498494528459,95.10282268573754,97.30097945788077,2020-04-22
747,115.92544757852615,94.97225257925027,97.03116772440892,2020-04-23
748,115.91999823157182,95.3231450658394,96.28960065246022,2020-04-24
749,115.82051072988644,96.11102784020812,95.89065343299843,2020-04-25
750,115.93549087465172,95.16692079805692,96.49009962702488,2020-04-26
751,115.94142500613107,95.09185581599431,96.61274320479245,2020-04-27
752,115.93577162134667,95.16371597098842,96.55106625229031,2020-04-28
753,115.90688336769107,95.44005599793405,96.33751348625668,2020-04-29
754,115.86843902504627,95.75210532100267,96.17577249439245,2020-04-30
755,115.92618076663854,95.26428070131846,96.5348789997289,2020-05-01
756,115.9428578396263,95.06929248602222,96.79734837593433,2020-05-02
757,115.94467029202507,94.98327032127256,97.02169934395508,2020-05-03
758,115.9423452112482,94.96423459581219,97.14186837770481,2020-05-04
759,115.90162976339275,95.04222104565278,97.64328657319426,2020-05-05
760,115.9089927643459,95.01778582788202,97.62144227677534,2020-05-06
761,115.81125987128755,95.41452049395073,98.23095094317955,2020-05-07
762,115.87793916603889,95.13011209244746,97.91464189242922,2020-05-08
763,115.86713594889657,95.17336252908906,98.01789553559918,2020-05-09
764,115.80759485960006,95.43103628274326,98.36526641225512,2020-05-10
765,115.83703018528637,95.30044983621457,98.26046414736642,2020-05-11
766,115.85040914011284,95.24297301434858,98.22800901427219,2020-05-12
767,115.75068546504612,95.69412584794054,98.73223627768726,2020-05-13
768,115.72316642836115,95.82462018155395,98.88248145942052,2020-05-14
769,115.66054466077293,96.12650147676528,99.15440526683169,2020-05-15
770,115.67272700621736,96.06735376481357,99.15388316032403,2020-05-16
771,115.77093594282684,95.59928486885096,98.81183687043202,2020-05-17
772,115.81812851604893,95.38374795694578,98.63455976210244,2020-05-18
773,115.75052270721058,95.69489255128406,98.98162686544364,2020-05-19
774,115.83619007471815,95.3041037481291,98.62246462711784,2020-05-20
775,115.9083234072523,95.01992920854721,98.18503785381435,2020-05-21
776,115.92197212169751,94.98041585900573,98.09078535940688,2020-05-22
777,115.85432909074311,95.22641283020174,98.64240482173435,2020-05-23
778,115.77375447742813,95.58617876575782,99.09218103722284,2020-05-24
779,115.62059666125077,96.32150072795194,99.72859043038808,2020-05-25
780,115.54491455717883,96.69393088184809,100.02239033081541,2020-05-26
781,115.45747477422023,97.12661906336983,100.33359333316739,2020-05-27
782,115.32003974250371,97.80698981428124,100.76235313253224,2020-05-28
783,115.47247399189273,97.05231618670499,100.38210579029526,2020-05-29
784,115.37093946021626,97.55525992966426,100.71948018519277,2020-05-30
785,115.14581518360292,98.66339684816866,101.347190853345,2020-05-31
786,115.09930906282044,98.89013419010368,101.50744091475896,2020-06-01
787,115.09393298820181,98.91628536880202,101.5692778978146,2020-06-02
788,115.16435419846425,98.57276437036927,101.44843498411727,2020-06-03
789,115.05243326246035,99.1177196101388,101.76552544182866,2020-06-04
790,115.07175914325565,99.02401150859501,101.76972440585858,2020-06-05
791,115.17672609868137,98.51220692755896,101.56494599301773,2020-06-06
792,115.06102240851264,99.0760934490551,101.89430859103967,2020-06-07
793,115.0495661806575,99.1316069069929,101.97105583772527,2020-06-08
794,115.31068431286258,97.85320249057821,101.36454571398792,2020-06-09
795,115.25399158067002,98.13277442129429,101.56439948459021,2020-06-10
796,115.35406369418286,97.63877102807788,101.3426135718196,2020-06-11
797,115.4072655488376,97.37537601143839,101.23922548004074,2020-06-12
798,115.42229198015119,97.30093450286998,101.24357498080494,2020-06-13
799,115.50316029363876,96.90037580255846,101.0439279050797,2020-06-14
800,115.40951650096356,97.36422552268824,101.37853492938223,2020-06-15
801,115.34978323199852,97.65994603827156,101.59944840543477,2020-06-16
802,115.24474860713647,98.17826865345577,101.93512643844787,2020-06-17
803,115.19651612993643,98.41522025092428,102.11063051384318,2020-06-18
804,115.16975552518245,98.54633339044675,102.22913670080642,2020-06-19
805,115.17376781620186,98.52669231120376,102.26927930137197,2020-06-20
806,115.42716148460525,97.27680866536328,101.62007509490181,2020-06-21
807,115.36939289985109,97.5629149650027,101.84010687339271,2020-06-22
808,115.42410473896116,97.29195332269049,101.72801638380611,2020-06-23
809,115.47135298445829,97.05786884266287,101.63155730661211,2020-06-24
810,115.61639489057495,96.34208923687876,101.18663065988143,2020-06-25
811,115.70826479572969,95.89591559259284,100.86964222546126,2020-06-26
812,115.65439793577413,96.15640729357294,101.138414067457,2020-06-27
813,115.65197292198985,96.16821656124034,101.19626311691272,2020-06-28
814,115.4940359837881,96.94554019792255,101.80610833691166,2020-06-29
815,115.5840464470884,96.50098740336126,101.5483532326243,2020-06-30
816,115.65699032175536,96.14378963869865,101.32204355361898,2020-07-01
817,115.56756901124542,96.58215022550961,101.705588180182,2020-07-02
818,115.78128241948338,95.55129959286323,100.86158949258626,2020-07-03
819,115.68084417585128,96.02804182843386,101.37122035744139,2020-07-04
820,115.4913757488054,96.95871058900714,102.11396760174922,2020-07-05
821,115.23221705356326,98.23990674269777,102.92960922175467,2020-07-06
822,115.17180027316687,98.53632464982518,103.14072537804033,2020-07-07
823,115.24165814115179,98.19347414008863,103.00671770017162,2020-07-08
824,115.51422217270522,96.84564124048832,102.23889836747911,2020-07-09
825,115.1673363632393,98.5581727639935,103.30709156106815,2020-07-10
826,115.17477773401214,98.52174756856347,103.33937715801211,2020-07-11
827,115.23935996759928,98.2047794997553,103.21883483055284,2020-07-12
828,115.2569491767247,98.11821155450332,103.22227557518346,2020-07-13
829,115.3563974913788,97.6272246810831,102.99021546895544,2020-07-14
830,115.29454900026974,97.93285736281064,103.2204926093276,2020-07-15
831,115.46702653024217,97.07929992145212,102.75004550599627,2020-07-16
832,115.30676666699557,97.87254840083594,103.28897583880787,2020-07-17
833,115.58499099847627,96.4963389368926,102.4431648206328,2020-07-18
834,115.66574567592325,96.10122876673796,102.1768916215549,2020-07-19
835,115.73436046519265,95.77134030322189,101.92245832016988,2020-07-20
836,115.66611578629767,96.0994314857094,102.27594476816503,2020-07-21
837,115.63683364165375,96.24206996848282,102.44618795630306,2020-07-22
838,115.74645295876277,95.71408511262398,102.01374203646681,2020-07-23
839,115.61767952226853,96.33579321305093,102.62337662431878,2020-07-24
840,115.33949430108046,97.71083112450052,103.60835393601802,2020-07-25
841,115.61549846474001,96.34648335889679,102.73378238915531,2020-07-26
842,115.11804448809852,98.79890043223544,104.31990155330891,2020-07-27
843,115.16369654376757,98.57598178406364,104.25381047939881,2020-07-28
844,115.2382823780036,98.210079888777,104.10536903941482,2020-07-29
845,115.1870542961833,98.46160865028737,104.29670197751706,2020-07-30
846,114.93892897209781,99.6644396373362,104.96846362093099,2020-07-31
847,115.04196695080853,99.16839668961065,104.77361301628576,2020-08-01
848,114.96658496360854,99.53182393496314,105.00853664247157,2020-08-02
849,114.98776407901997,99.43000092625921,105.01064275569105,2020-08-03
850,114.74595261321936,100.57817051463003,105.61263298247054,2020-08-04
851,115.36420235868039,97.58860418321747,104.10796431853984,2020-08-05
852,115.34895324832894,97.6640515198722,104.20625967767334,2020-08-06
853,115.2323757595673,98.23912644084042,104.59354732101957,2020-08-07
854,115.25974457551665,98.10444493209543,104.56989840008737,2020-08-08
855,115.34090206482976,97.70387001246955,104.38756110676275,2020-08-09
856,115.53258408807605,96.75484773328685,103.81719237265669,2020-08-10
857,115.64598481384895,96.19740231427691,103.43385854050722,2020-08-11
858,115.4537202588356,97.14522015158123,104.19175776913406,2020-08-12
859,115.32314954923504,97.7916241325082,104.65023115659629,2020-08-13
860,115.28968532582525,97.95685511943954,104.80021587268718,2020-08-14
861,115.24440903584936,98.17993953351298,104.98097584468537,2020-08-15
862,115.11475486807056,98.81493040193054,105.38024882794804,2020-08-16
863,115.06655683694275,99.0492535344891,105.5550719901579,2020-08-17
864,115.10258116411774,98.8742113219397,105.51676725338646,2020-08-18
865,115.00469139346023,99.34845739695302,105.81249089630687,2020-08-19
866,115.12062616034335,98.78631700852615,105.57583681717702,2020-08-20
867,114.81169207660638,100.26926319425044,106.36293253132554,2020-08-21
868,114.8404865101736,100.13317413186242,106.35147560236409,2020-08-22
869,115.02087958776934,99.27034230436233,105.98362657106675,2020-08-23
870,115.04826917230302,99.13788796966092,105.96899525607566,2020-08-24
871,114.8571370649252,100.05426620184674,106.47142740014593,2020-08-25
872,114.94701525254104,99.625705465252,106.31768758741043,2020-08-26
873,115.14881091161064,98.64876073951957,105.87113225495321,2020-08-27
874,115.35985372553121,97.61012351494662,105.32987704231334,2020-08-28
875,115.32922160543859,97.76161594251556,105.47457750684339,2020-08-29
876,115.49917807343428,96.92008566369272,104.98353288169766,2020-08-30
877,115.57129943349733,96.56376400295554,104.77514808227902,2020-08-31
878,115.72116735901376,95.8341610883243,104.19136020437925,2020-09-01
879,115.8059810337037,95.43832884443766,103.78566275705981,2020-09-02
880,115.92445467377732,94.97447780255143,102.80464469940449,2020-09-03
881,115.90821176173169,95.02028836619269,103.0718837360008,2020-09-04
882,115.87809314555196,95.12950730338592,103.42397244081769,2020-09-05
883,115.8070384679132,95.4335491426246,103.98783776785572,2020-09-06
884,115.77157226274383,95.59632383895537,104.24594438731904,2020-09-07
885,115.79261824377045,95.49915072604745,104.17890380746762,2020-09-08
886,115.84691112438688,95.25786372561262,103.87904099683594,2020-09-09
887,115.90215349729813,95.04042532305922,103.44985796587567,2020-09-10
888,115.92332827116141,94.97710905026474,103.2328155642267,2020-09-11
889,115.87666732222087,95.13512098018866,103.80001971889459,2020-09-12
890,115.85026778241692,95.24357274090607,104.0632947451617,2020-09-13
891,115.72991278591915,95.7924793655197,104.83096035711984,2020-09-14
892,115.91074535458202,95.01225712353785,103.61033733809806,2020-09-15
893,115.91215660085187,95.00789788415626,103.64488959862904,2020-09-16
894,115.85495793089204,95.2237692839826,104.23739687823452,2020-09-17
895,115.79846690713313,95.47243733813738,104.66888899031706,2020-09-18
896,115.87354395926994,95.14751996694494,104.19255324597172,2020-09-19
897,115.92450322980096,94.97436687181569,103.68090714280949,2020-09-20
898,115.9288841768965,94.96533802715645,103.65973672561557,2020-09-21
899,115.94214136434881,95.08099551371207,102.88995159076859,2020-09-22
900,115.91608343104467,95.35897652806204,102.42822103288091,2020-09-23
901,115.897798715403,95.51695559296213,102.27134437688197,2020-09-24
902,115.88853506462252,95.59300827734812,102.23240739375126,2020-09-25
903,115.9154964675875,95.36427084852812,102.5727664812973,2020-09-26
904,115.90178388956073,95.48354418035167,102.4641011217835,2020-09-27
905,115.94463392942723,95.0320084577627,103.3418632824136,2020-09-28
906,115.94270713200781,94.9658329846834,103.72230545717396,2020-09-29
907,115.92394298198367,94.97565952897683,104.21169607335945,2020-09-30
908,115.93862062402494,94.95685162935644,103.96879302031381,2020-10-01
909,115.90354080419661,95.03570847522764,104.58341935475468,2020-10-02
910,115.93419866651993,94.95790709179894,104.18189040309956,2020-10-03
911,115.93210660559991,95.20402718507978,103.24137623097639,2020-10-04
912,115.93647499745683,95.15558182389248,103.3878549873241,2020-10-05
913,115.94206278433063,95.08222253867233,103.60919114982924,2020-10-06
914,115.92882110368008,95.23801500738855,103.33525421344147,2020-10-07
915,115.87596274197666,95.69333784894684,102.78057735876224,2020-10-08
916,115.79224194784194,96.31390897275442,102.26419795173189,2020-10-09
917,115.70270437223205,96.92946144593981,101.87034176303196,2020-10-10
918,115.5852332987713,97.69506889507332,101.45421009573661,2020-10-11
919,115.54544516046816,97.94630016363054,101.36440027221343,2020-10-12
920,115.38345993388539,98.93539121656956,100.91400844644896,2020-10-13
921,115.49497200009944,98.26000643157448,101.29582858236952,2020-10-14
922,115.65085039383682,97.27225235165292,101.90052725688614,2020-10-15
923,115.4840986409621,98.32690069794725,101.35864550194935,2020-10-16
924,115.3390093609723,99.19842295237908,100.98241880663412,2020-10-17
925,115.22893627562043,99.83594285118794,100.74436647236568,2020-10-18
926,115.3821900266975,98.94295256264262,101.1989373185868,2020-10-19
927,115.45139890826891,98.52667849416488,101.45213401925146,2020-10-20
928,115.45647642224056,98.4957923395137,101.5167682126946,2020-10-21
929,115.31384442754296,99.34587293522328,101.15493796891838,2020-10-22
930,115.3527110238542,99.11770064611213,101.30989318796179,2020-10-23
931,115.39284600686533,98.87941715814124,101.47305312677818,2020-10-24
932,115.22317620565434,99.86878607863143,101.06416696882106,2020-10-25
933,115.42263320132263,98.70074936778273,101.65948226212767,2020-10-26
934,115.6036312913558,97.5776358784373,102.31751622668264,2020-10-27
935,115.63481219160504,97.37665017464496,102.48935393440917,2020-10-28
936,115.42616115072283,98.67948258799753,101.81857370582887,2020-10-29
937,115.33849353117695,99.20145582310046,101.61277462075107,2020-10-30
938,114.97187121395267,101.2554974931313,100.76947121369422,2020-10-31
939,114.80511045344008,102.12927308437992,100.47508431917545,2020-11-01
940,114.60061699652321,103.15410993719544,100.14014703020959,2020-11-02
941,115.00649212484089,101.06960495582584,100.98778670953372,2020-11-03
942,115.17203265143661,100.15823438004135,101.4218485042167,2020-11-04
943,115.22720718408172,99.84580717813446,101.6099375918993,2020-11-05
944,115.09224924580424,100.60222070070051,101.32762438819702,2020-11-06
945,115.21965203648867,99.88885584594439,101.68911854080609,2020-11-07
946,114.99394559254097,101.13715487547441,101.20093923208103,2020-11-08
947,114.84228597100173,101.93752269200536,100.92732291791135,2020-11-09
948,115.02915041113188,100.94708247987224,101.37701435918498,2020-11-10
949,114.94152401906092,101.41715037061954,101.23168058000023,2020-11-11
950,115.2366241063994,99.79202964390348,101.98145029485315,2020-11-12
951,115.16343154064317,100.20653569491881,101.84396687983464,2020-11-13
952,115.4624428384435,98.45943641695492,102.73811596464905,2020-11-14
953,115.6438480473953,97.31792134531688,103.44927451622077,2020-11-15
954,115.64907637957718,97.28383555215648,103.52287293765288,2020-11-16
955,115.73206068002382,96.73137614481536,103.95131418987485,2020-11-17
956,115.90073600454198,95.49237510373517,105.15426563997595,2020-11-18
957,115.94261826034618,95.07332003121398,105.94262941851724,2020-11-19
958,115.9342936412594,94.95782316330241,106.70223875195381,2020-11-20
959,115.93868558256763,94.95689236020445,106.64626022204533,2020-11-21
960,115.93361444589743,94.95846861483169,106.8212463592111,2020-11-22
961,115.89798588505577,95.05492862248865,107.37013055988763,2020-11-23
962,115.93066904119593,94.96232227405054,106.98415239145646,2020-11-24
963,115.87188270583223,95.15416914141727,107.7137035821228,2020-11-25
964,115.86014115655748,95.20212535752023,107.85838528443146,2020-11-26
965,115.850836038707,95.24116290248256,107.97881430369327,2020-11-27
966,115.8829944266701,95.11044939966919,107.77196998228379,2020-11-28
967,115.76103469031528,95.64551433670921,108.61910330630815,2020-11-29
968,115.29219401700468,97.94447779288843,110.28225696029976,2020-11-30
969,115.16413438751863,98.57383975996208,110.63751309708691,2020-12-01
970,115.06865975258873,99.03905149778281,110.89349317744666,2020-12-02
971,114.96878304502329,99.52126679836243,111.14334579142412,2020-12-03
972,114.94611295016779,99.63002928515786,111.2318766187696,2020-12-04
973,114.79300587615762,100.35732476574259,111.56011492275147,2020-12-05
974,114.35569268009162,102.35696618547539,112.29558290666198,2020-12-06
975,114.2780085288196,102.69917659608375,112.44342888280879,2020-12-07
976,113.95905634560827,104.0606823759677,112.88956659778523,2020-12-08
977,113.82770285785165,104.60057648708667,113.07869284932323,2020-12-09
978,114.26700127754066,102.7473346169657,112.574413398574,2020-12-10
979,114.07893055025535,103.55729595007345,112.85458590526474,2020-12-11
980,113.94381465576483,104.12395935933341,113.0531746978371,2020-12-12
981,114.22494716272557,102.93056496003383,112.74397438718881,2020-12-13
982,114.51969948628367,101.62129348735915,112.37291747097775,2020-12-14
983,114.65908462301391,100.98241770375797,112.19862254497014,2020-12-15
984,114.37341448108185,102.27833021662744,112.65894998891078,2020-12-16
985,114.34760856484169,102.3927675215614,112.73184495263406,2020-12-17
986,114.22741565069062,102.91984315735583,112.92631601183407,2020-12-18
987,113.82943336389926,104.59354380918391,113.42542724552783,2020-12-19
988,113.47341109584089,105.99483494441355,113.81259419724343,2020-12-20
989,113.0790349768219,107.43891398960692,114.18171812299627,2020-12-21
990,113.97806027726503,103.98155555233816,113.36519745594968,2020-12-22
991,113.93653547618474,104.15412123356462,113.4450190811504,2020-12-23
992,114.19192801796414,103.07358013075061,113.18605644268229,2020-12-24
993,113.94983250928948,104.09899549065646,113.49775915813152,2020-12-25
994,114.18467190717234,103.1049077839963,113.26484219183395,2020-12-26
995,114.03939147469421,103.72444995073447,113.46649132712001,2020-12-27
996,114.26471057857499,102.75734632425709,113.23784790106441,2020-12-28
997,114.34266338483363,102.41464613863629,113.17600630328819,2020-12-29
998,114.46043128779833,101.88918746712301,113.0588034749405,2020-12-30
999,114.44874752543679,101.94172812823055,113.11009451395877,2020-12-31
